{
	"biome": "netherex:ruthless_sands",
	"generationWeight": 8,
	"useDefaultDecorations": true,
	"isSubBiome": false,
	"blocks": {
		"surface": {
			"block": "minecraft:soul_sand"
		},
		"liquid": {
			"block": "minecraft:lava"
		},
		"subsurface": {
			"block": "netherex:gloomy_netherrack"
		}
	},
	"entities": [
		{
			"spawnWeight": 30,
			"minimumGroupCount": 1,
			"maximumGroupCount": 1,
			"entity": "primitivemobs:support_creeper"
		}, 
		{
			"spawnWeight": 100,
			"minimumGroupCount": 1,
			"maximumGroupCount": 3,
			"entity": "primitivemobs:harpy"
		}, 
		{
			"spawnWeight": 20,
			"minimumGroupCount": 1,
			"maximumGroupCount": 1,
			"entity": "primitivemobs:bewitched_tome"
		}, 
		{
			"spawnWeight": 70,
			"minimumGroupCount": 1,
			"maximumGroupCount": 1,
			"entity": "primitivemobs:haunted_tool"
		}, 
		{
			"spawnWeight": 5,
			"minimumGroupCount": 1,
			"maximumGroupCount": 1,
			"entity": "primitivemobs:trollager"
		}, 
		{
			"spawnWeight": 100,
			"minimumGroupCount": 1,
			"maximumGroupCount": 1,
			"entity": "multimob:dummy"
		}, 
		{
			"spawnWeight": 20,
			"minimumGroupCount": 1,
			"maximumGroupCount": 1,
			"entity": "primitivemobs:treasure_slime"
		}, 
		{
			"spawnWeight": 10,
			"minimumGroupCount": 1,
			"maximumGroupCount": 1,
			"entity": "primitivemobs:void_eye"
		}, 
		{
			"spawnWeight": 100,
			"minimumGroupCount": 1,
			"maximumGroupCount": 1,
			"entity": "primitivemobs:bewitched_tome"
		}, 
		{
			"spawnWeight": 50,
			"minimumGroupCount": 1,
			"maximumGroupCount": 1,
			"entity": "primitivemobs:rocket_creeper"
		}, 
		{
			"spawnWeight": 100,
			"minimumGroupCount": 3,
			"maximumGroupCount": 3,
			"entity": "primitivemobs:skeleton_warrior"
		}, 
		{
			"spawnWeight": 50,
			"minimumGroupCount": 3,
			"maximumGroupCount": 3,
			"entity": "primitivemobs:goblin"
		}, 
		{
			"spawnWeight": 10,
			"minimumGroupCount": 1,
			"maximumGroupCount": 1,
			"entity": "primitivemobs:festive_creeper"
		}, 
		{
			"spawnWeight": 10,
			"minimumGroupCount": 1,
			"maximumGroupCount": 1,
			"entity": "primitivemobs:blazing_juggernaut"
		}, 
		{
			"spawnWeight": 40,
			"minimumGroupCount": 1,
			"maximumGroupCount": 1,
			"entity": "primitivemobs:mother_spider"
		}, 
		{
			"spawnWeight": 10,
			"minimumGroupCount": 1,
			"maximumGroupCount": 1,
			"entity": "primitivemobs:festive_creeper"
		}, 
		{
			"spawnWeight": 100,
			"minimumGroupCount": 1,
			"maximumGroupCount": 1,
			"entity": "primitivemobs:goblin"
		}, 
		{
			"spawnWeight": 25,
			"minimumGroupCount": 1,
			"maximumGroupCount": 1,
			"entity": "primitivemobs:trollager"
		}, 
		{
			"spawnWeight": 50,
			"minimumGroupCount": 1,
			"maximumGroupCount": 1,
			"entity": "multimob:dummy"
		}, 
		{
			"spawnWeight": 25,
			"minimumGroupCount": 1,
			"maximumGroupCount": 2,
			"entity": "primitivemobs:filch_lizard"
		}, 
		{
			"spawnWeight": 25,
			"minimumGroupCount": 1,
			"maximumGroupCount": 1,
			"entity": "primitivemobs:traveling_merchant"
		}, 
		{
			"spawnWeight": 4,
			"minimumGroupCount": 1,
			"maximumGroupCount": 1,
			"entity": "primitivemobs:lost_miner"
		}, 
		{
			"spawnWeight": 100,
			"minimumGroupCount": 1,
			"maximumGroupCount": 2,
			"entity": "primitivemobs:dodo"
		}, 
		{
			"spawnWeight": 40,
			"minimumGroupCount": 1,
			"maximumGroupCount": 2,
			"entity": "primitivemobs:sheepman"
		}, 
		{
			"spawnWeight": 50,
			"minimumGroupCount": 1,
			"maximumGroupCount": 1,
			"entity": "multimob:dummy"
		}, 
		{
			"spawnWeight": 100,
			"minimumGroupCount": 1,
			"maximumGroupCount": 1,
			"entity": "primitivemobs:flame_spewer"
		}, 
		{
			"spawnWeight": 50,
			"minimumGroupCount": 1,
			"maximumGroupCount": 1,
			"entity": "multimob:dummy"
		}, 
		{
			"spawnWeight": 100,
			"minimumGroupCount": 1,
			"maximumGroupCount": 1,
			"entity": "primitivemobs:flame_spewer"
		}
	],
	"traits": [
		{
			"generationAttempts": 8,
			"generationStage": "decoration",
			"generationProbability": 1.0,
			"minimumGenerationHeight": 4,
			"blockToTarget": {
				"block": "netherex:gloomy_netherrack"
			},
			"blockToSpawn": {
				"block": "minecraft:flowing_lava"
			},
			"randomizeGenerationAttempts": false,
			"trait": "libraryex:fluid",
			"maximumGenerationHeight": 124,
			"generateFalling": false
		}, 
		{
			"generationAttempts": 10,
			"generationStage": "decoration",
			"generationProbability": 1.0,
			"minimumGenerationHeight": 4,
			"blockToSpawn": {
				"block": "minecraft:glowstone"
			},
			"randomizeGenerationAttempts": true,
			"trait": "libraryex:cluster",
			"maximumGenerationHeight": 124,
			"blockToAttachTo": {
				"block": "netherex:gloomy_netherrack"
			},
			"direction": "down"
		}, 
		{
			"generationAttempts": 10,
			"generationStage": "decoration",
			"generationProbability": 1.0,
			"minimumGenerationHeight": 1,
			"blockToSpawn": {
				"block": "minecraft:glowstone"
			},
			"randomizeGenerationAttempts": false,
			"trait": "libraryex:cluster",
			"maximumGenerationHeight": 128,
			"blockToAttachTo": {
				"block": "netherex:gloomy_netherrack"
			},
			"direction": "down"
		}, 
		{
			"generationAttempts": 16,
			"generationStage": "decoration",
			"generationProbability": 1.0,
			"minimumGenerationHeight": 10,
			"blockToTarget": {
				"block": "netherex:gloomy_netherrack"
			},
			"blockToSpawn": {
				"block": "minecraft:flowing_lava"
			},
			"randomizeGenerationAttempts": false,
			"trait": "libraryex:fluid",
			"maximumGenerationHeight": 118,
			"generateFalling": true
		}, 
		{
			"generationAttempts": 16,
			"generationStage": "plant_decoration",
			"generationProbability": 1.0,
			"minimumGenerationHeight": 32,
			"randomizeGenerationAttempts": false,
			"trait": "netherex:thornstalk",
			"maximumGenerationHeight": 108
		}, 
		{
			"generationAttempts": 16,
			"generationStage": "ore",
			"generationProbability": 1.0,
			"minimumGenerationHeight": 10,
			"veinSize": 14,
			"blockToSpawn": {
				"block": "netherex:quartz_ore"
			},
			"randomizeGenerationAttempts": false,
			"blockToReplace": {
				"block": "netherex:gloomy_netherrack"
			},
			"trait": "libraryex:ore",
			"maximumGenerationHeight": 108
		}
	],
	"subBiomes": []
}