{
  "display": {
    "icon": {
      "item": "monk:monk_level",
      "nbt": "{\"icon\":\"monk:icon/silverfish\"}"
    },
    "title": {
      "translate": "monk.advancements.level",
      "with": [
        "4"
      ]
    },
    "description": {
      "translate": "monk.advancements.requirement.break_block",
      "with": [
        "5",
        {
          "bold": false,
          "italic": false,
          "underlined": false,
          "strikethrough": false,
          "obfuscated": false,
          "color": "white",
          "hoverEvent": {
            "action": "show_item",
            "value": {
              "text": "{ForgeCaps:{\"customnpcs:itemscripteddata\":{}},id:\"minecraft:stone\",Count:1b,Damage:0s}"
            }
          },
          "extra": [
            {
              "color": "white",
              "hoverEvent": {
                "action": "show_item",
                "value": {
                  "text": "{ForgeCaps:{\"customnpcs:itemscripteddata\":{}},id:\"minecraft:stone\",Count:1b,Damage:0s}"
                }
              },
              "extra": [
                {
                  "text": "Stone"
                },
                {
                  "text": "]"
                }
              ],
              "text": "["
            }
          ],
          "text": "   "
        }
      ]
    },
    "show_toast": true,
    "announce_to_chat": true,
    "hidden": false
  },
  "parent": "monk:level_3",
  "criteria": {
    "level": {
      "trigger": "monk:levelup",
      "conditions": {
        "level": 4
      }
    }
  }
}