{"stat.chestOpened":14,"stat.useItem.minecraft.air":20,"stat.walkOneCm":58068,"stat.pickup.extrautils2.lawsword":1,"stat.leaveGame":3,"stat.killEntity.gorgon":1,"stat.killEntity.thebetweenlands.dark_druid":3,"stat.furnaceInteraction":1,"stat.mobKills":4,"stat.pickup.iceandfire.gorgon_head":1,"stat.flyOneCm":775571,"stat.jump":83,"stat.swimOneCm":9,"stat.useItem.scalinghealth.heartcontainer":11,"stat.playOneMinute":157897,"stat.climbOneCm":315,"stat.sneakTime":456,"stat.pickup.academy.tutorial":1,"stat.damageDealt":2546,"stat.crouchOneCm":215,"stat.timeSinceDeath":157897,"stat.sprintOneCm":116,"stat.diveOneCm":669}