{"stat.pickup.conarm.boots_core":1,"stat.chestOpened":4,"stat.mineBlock.scp.foundationexteriormiddle":1,"stat.pickup.scp.foundationexteriormiddle":1,"stat.mineBlock.scp.foundationexteriorbottom":1,"stat.pickup.minecraft.bone":12,"stat.pickup.scp.foundationexteriorbottom":1,"stat.pickup.bibliocraft.seatback5":1,"stat.pickup.tconstruct.casting":1,"stat.leaveGame":17,"stat.pickup.minecraft.arrow":10,"stat.pickup.toughasnails.purified_water_bottle":1,"stat.pickup.conarm.invisible_ink":4,"stat.mineBlock.mysticalagriculture.inferium_ore":1,"stat.killEntity.vampirism.vampire":3,"stat.pickup.ebwizardry.spell_book":1,"stat.mineBlock.minecraft.stained_glass":1,"stat.jump":582,"stat.swimOneCm":108,"stat.pickup.quark.glass_shards":4,"stat.pickup.minecraft.cooked_chicken":9,"stat.fallOneCm":15271,"stat.pickup.minecraft.iron_ingot":1,"stat.climbOneCm":26,"stat.pickup.conarm.leggings_core":1,"stat.pickup.conarm.armor_plate":64,"stat.pickup.minecraft.gunpowder":18,"stat.mineBlock.quark.roots":1,"stat.crouchOneCm":14408,"stat.pickup.minecraft.spider_eye":3,"stat.pickup.scp.foundationofficebottom":6,"stat.pickup.bibliocraft.lanterngold":1,"stat.useItem.tconstruct.cleaver":3,"stat.pickup.minecraft.rotten_flesh":26,"stat.pickup.cyberware.jacket":1,"stat.pickup.iceandfire.fire_dragon_heart":2,"stat.mineBlock.minecraft.iron_bars":15,"stat.killEntity.scp.with_many_voices":3,"stat.mineBlock.minecraft.glass_pane":1,"stat.damageTaken":464,"stat.pickup.minecraft.feather":16,"stat.killEntity.thebetweenlands.dark_druid":1,"stat.mineBlock.scp.sublevelwall":19,"stat.killEntity.Enderman":1,"stat.pickup.mysticalagriculture.crafting":13,"stat.pickup.conarm.chest_core":2,"stat.flyOneCm":287766,"stat.useItem.minecraft.ender_pearl":7,"stat.pickup.minecraft.wheat_seeds":1,"stat.pickup.tconstruct.large_sword_blade":63,"stat.pickup.scp.foundationwallc":2,"stat.pickup.bewitchment.mandrake_seeds":1,"stat.pickup.scp.foundationofficetop":7,"stat.pickup.bewitchment.belladonna_seeds":1,"stat.pickup.scp.foundationwallg":1,"stat.pickup.conarm.helmet_core":1,"stat.pickup.conarm.frosty_soles":2,"stat.killEntity.Villager":1,"stat.damageDealt":19666,"stat.pickup.minecraft.redstone":2,"stat.timeSinceDeath":166716,"stat.pickup.bibliocraft.armorstand":1,"stat.pickup.scp.heavy_button":6,"stat.useItem.minecraft.air":331,"stat.walkOneCm":266672,"stat.killEntity.ebwizardry:lightning_wraith":2,"stat.pickup.conarm.resist_mat":64,"stat.pickup.minecraft.crafting_table":1,"stat.pickup.minecraft.stonebrick":3,"stat.pickup.iceandfire.dragon_skull":2,"stat.mineBlock.scp.foundationofficebottom":6,"stat.killEntity.Creeper":7,"stat.talkedToVillager":1,"stat.pickup.minecraft.string":2,"stat.mineBlock.scp.foundationwallg":1,"stat.mineBlock.scp.foundationwallc":2,"stat.mineBlock.academy.imagsil_ore":1,"stat.mineBlock.scp.ceiling_lamp":1,"stat.useItem.tconstruct.pickaxe":66,"stat.useItem.minecraft.milk_bucket":1,"stat.pickup.academy.tutorial":1,"stat.pickup.minecraft.chicken":3,"stat.pickup.minecraft.nether_star":1,"stat.mineBlock.scp.foundationofficetop":8,"stat.pickup.scalinghealth.heartcontainer":1,"stat.pickup.minecraft.ender_pearl":2,"stat.sprintOneCm":59041,"stat.pickup.minecraft.skull":16,"stat.killEntity.Skeleton":4,"stat.pickup.scp.sublevelwall":19,"stat.useItem.scp.heavy_button":1,"stat.useItem.carryon.tile_item":4,"stat.pickup.brewcraft.hopsseeditem":2,"stat.mineBlock.minecraft.stonebrick":3,"stat.pickup.minecraft.potion":1,"stat.killEntity.Chicken":4,"stat.useItem.minecraft.flint_and_steel":2,"stat.pickup.scp.ceiling_lamp":1,"stat.pickup.iceandfire.dragonscales_green":8,"stat.killEntity.Spider":1,"stat.mobKills":38,"stat.pickup.iceandfire.dragonbone":4,"stat.pickup.quark.iron_button":1,"stat.pickup.minecraft.lever":1,"stat.pickup.academy.imagsil_ore":1,"stat.pickup.minecraft.egg":5,"stat.pickup.tconstruct.large_plate":1,"stat.pickup.thebetweenlands.swamp_talisman":1,"stat.playOneMinute":166716,"stat.pickup.minecraft.torch":1,"stat.pickup.minecraft.red_flower":1,"stat.mineBlock.mysticalagriculture.prosperity_ore":1,"stat.sneakTime":3682,"stat.pickup.tconstruct.tough_tool_rod":126,"stat.killEntity.firedragon":2,"stat.killEntity.Zombie":9,"stat.pickup.cyberware.shades2":1,"stat.pickup.minecraft.iron_bars":14,"stat.mineBlock.minecraft.stone":2,"stat.mineBlock.minecraft.tallgrass":2,"stat.diveOneCm":1838,"stat.pickup.tconstruct.seared":1}